,Media,Mediana,Moda
order_id,4993.887140422973,4994.0,1.0
customer_id,504.25558785205976,506.0,726.0
customer_age,48.320637466172194,48.0,32.0
product_price,104.90981457351909,104.84,17.97
quantity,3.000200461060439,3.0,2.0
order_total,314.6736173198356,254.95,150.2
